"","APMC","Commodity","Type"
"1","Akole","bajri","Multiplicative"
"2","Jamkhed","bajri","Multiplicative"
"3","Kopargaon","bajri","Multiplicative"
"4","Newasa","bajri","Multiplicative"
"5","Pathardi","bajri","Multiplicative"
"6","Rahata","bajri","Multiplicative"
"7","Rahuri","bajri","Multiplicative"
"8","Rahuri-Vambori","bajri","Multiplicative"
"9","Sangamner","bajri","Multiplicative"
"10","Shevgaon","bajri","Multiplicative"
"11","Shevgaon-Bodhegaon","bajri","Multiplicative"
"12","Shrirampur","bajri","Multiplicative"
"13","Ahmednagar","bajri","Multiplicative"
"14","Achalpur","bajri","Multiplicative"
"15","Aurangabad","bajri","Multiplicative"
"16","Gangapur","bajri","Multiplicative"
"17","Kannad","bajri","Multiplicative"
"18","Paithan","bajri","Multiplicative"
"19","Vaijapur","bajri","Multiplicative"
"20","Lasur Station","bajri","Multiplicative"
"21","Sillod","bajri","Multiplicative"
"22","Sillod-Bharadi","bajri","Multiplicative"
"23","Ambejogai","bajri","Multiplicative"
"24","Beed","bajri","Multiplicative"
"25","Gevrai","bajri","Multiplicative"
"26","Kada","bajri","Multiplicative"
"27","Kej","bajri","Multiplicative"
"28","Majalgaon","bajri","Multiplicative"
"29","Parli-Vaijnath","bajri","Multiplicative"
"30","Kille Dharur","bajri","Multiplicative"
"31","Kada (Ashti)","bajri","Multiplicative"
"32","Khamgaon","bajri","Multiplicative"
"33","Malkapur","bajri","Multiplicative"
"34","Nandura","bajri","Multiplicative"
"35","Shegaon","bajri","Multiplicative"
"36","Dhule","bajri","Multiplicative"
"37","Dondaicha","bajri","Multiplicative"
"38","Sakri","bajri","Multiplicative"
"39","Shirpur","bajri","Multiplicative"
"40","Bhusaval","bajri","Multiplicative"
"41","Chalisgaon","bajri","Multiplicative"
"42","Chopda","bajri","Multiplicative"
"43","Jalgaon","bajri","Multiplicative"
"44","Raver","bajri","Multiplicative"
"45","Amalner","bajri","Multiplicative"
"46","Ambad(Vadi Godri)","bajri","Multiplicative"
"47","Jalna","bajri","Multiplicative"
"48","Jalna-Badnapur","bajri","Multiplicative"
"49","Mantha","bajri","Multiplicative"
"50","Partur","bajri","Multiplicative"
"51","Ghansawangi","bajri","Multiplicative"
"52","Kolhapur-Laxmipuri","bajri","Multiplicative"
"53","Latur","bajri","Multiplicative"
"54","Ausa","bajri","Multiplicative"
"55","Ahmedpur","bajri","Multiplicative"
"56","Mumbai","bajri","Multiplicative"
"57","Bhokar","bajri","Multiplicative"
"58","Nandurbar","bajri","Multiplicative"
"59","Shahada","bajri","Multiplicative"
"60","Taloda","bajri","Multiplicative"
"61","Devala","bajri","Multiplicative"
"62","Kalvan","bajri","Multiplicative"
"63","Lasalgaon","bajri","Multiplicative"
"64","Malegaon","bajri","Multiplicative"
"65","Manmad","bajri","Multiplicative"
"66","Nandgaon","bajri","Multiplicative"
"67","Satana","bajri","Multiplicative"
"68","Sinner","bajri","Multiplicative"
"69","Yeola","bajri","Multiplicative"
"70","Kalamb (Os)","bajri","Multiplicative"
"71","Murum","bajri","Multiplicative"
"72","Umarga","bajri","Multiplicative"
"73","Tuljapur","bajri","Multiplicative"
"74","Sailu","bajri","Multiplicative"
"75","Jintur","bajri","Multiplicative"
"76","Jintur-Bori","bajri","Multiplicative"
"77","Sonpeth","bajri","Multiplicative"
"78","Baramati","bajri","Multiplicative"
"79","Dound","bajri","Multiplicative"
"80","Indapur-Bhigwan","bajri","Multiplicative"
"81","Shirur","bajri","Multiplicative"
"82","Indapur","bajri","Multiplicative"
"83","Sangali","bajri","Multiplicative"
"84","Atpadi","bajri","Multiplicative"
"85","Lonand","bajri","Multiplicative"
"86","Phaltan","bajri","Multiplicative"
"87","Vaduj","bajri","Multiplicative"
"88","Akkolkot","bajri","Multiplicative"
"89","Akluj","bajri","Multiplicative"
"90","Barshi","bajri","Multiplicative"
"91","Dudhani","bajri","Multiplicative"
"92","Kurdwadi","bajri","Multiplicative"
"93","Mangalwedha","bajri","Multiplicative"
"94","Pandharpur","bajri","Multiplicative"
"95","Solapur","bajri","Multiplicative"
"96","Karmala","bajri","Multiplicative"
"97","Vasai","bajri","Multiplicative"
"98","Karanja","bajri","Multiplicative"
"99","Pusad","bajri","Multiplicative"
"100","Mumbai","coconut","Multiplicative"
"101","Jamkhed","cotton","Multiplicative"
"102","Newasa","cotton","Multiplicative"
"103","Pathardi","cotton","Multiplicative"
"104","Shevgaon","cotton","Multiplicative"
"105","Shrigonda","cotton","Multiplicative"
"106","Shrigonda-Ghogargaon","cotton","Multiplicative"
"107","Telhara","cotton","Multiplicative"
"108","Anajngaon Surji","cotton","Multiplicative"
"109","Chandur Rly.","cotton","Multiplicative"
"110","Daryapur","cotton","Multiplicative"
"111","Dhamangaon-Rly","cotton","Multiplicative"
"112","Varud","cotton","Multiplicative"
"113","Aurangabad","cotton","Multiplicative"
"114","Gangapur","cotton","Multiplicative"
"115","Vaijapur","cotton","Multiplicative"
"116","Lasur Station","cotton","Multiplicative"
"117","Paithan","cotton","Multiplicative"
"118","Sillod","cotton","Multiplicative"
"119","Gevrai","cotton","Multiplicative"
"120","Kille Dharur","cotton","Multiplicative"
"121","Majalgaon","cotton","Multiplicative"
"122","Parli-Vaijnath","cotton","Multiplicative"
"123","Deulgaon Raja","cotton","Multiplicative"
"124","Jalgaon Jamod","cotton","Multiplicative"
"125","Khamgaon","cotton","Multiplicative"
"126","Nandura","cotton","Multiplicative"
"127","Malkapur","cotton","Multiplicative"
"128","Chimur","cotton","Multiplicative"
"129","Korpana","cotton","Multiplicative"
"130","Rajura","cotton","Multiplicative"
"131","Chandrapur","cotton","Multiplicative"
"132","Varora","cotton","Multiplicative"
"133","Dondaicha","cotton","Multiplicative"
"134","Aheri","cotton","Multiplicative"
"135","Akhadabalapur","cotton","Multiplicative"
"136","Basmat","cotton","Multiplicative"
"137","Jawala-Bajar","cotton","Multiplicative"
"138","Kalamnuri","cotton","Multiplicative"
"139","Jalgaon","cotton","Multiplicative"
"140","Jamner","cotton","Multiplicative"
"141","Jamner-Neri","cotton","Multiplicative"
"142","Bhusaval","cotton","Multiplicative"
"143","Yawal","cotton","Multiplicative"
"144","Bhokardan","cotton","Multiplicative"
"145","Ghansawangi","cotton","Multiplicative"
"146","Jafrabad","cotton","Multiplicative"
"147","Jalna","cotton","Multiplicative"
"148","Jalna-Badnapur","cotton","Multiplicative"
"149","Mantha","cotton","Multiplicative"
"150","Partur","cotton","Multiplicative"
"151","Ambad(Vadi Godri)","cotton","Multiplicative"
"152","Bhiwapur","cotton","Multiplicative"
"153","Kalmeshwar","cotton","Multiplicative"
"154","Katol","cotton","Multiplicative"
"155","Parshiwani","cotton","Multiplicative"
"156","Savner","cotton","Multiplicative"
"157","Umared","cotton","Multiplicative"
"158","Bhokar","cotton","Multiplicative"
"159","Hadgaon","cotton","Multiplicative"
"160","Kinwat","cotton","Multiplicative"
"161","Mahur","cotton","Multiplicative"
"162","Naigaon","cotton","Multiplicative"
"163","Nanded","cotton","Multiplicative"
"164","Nandurbar","cotton","Multiplicative"
"165","Navapur","cotton","Multiplicative"
"166","Shahada","cotton","Multiplicative"
"167","Taloda","cotton","Multiplicative"
"168","Yeola","cotton","Multiplicative"
"169","Paranda","cotton","Multiplicative"
"170","Jintur","cotton","Multiplicative"
"171","Parbhani","cotton","Multiplicative"
"172","Purna","cotton","Multiplicative"
"173","Sailu","cotton","Multiplicative"
"174","Sonpeth","cotton","Multiplicative"
"175","Gangakhed","cotton","Multiplicative"
"176","Arvi","cotton","Multiplicative"
"177","Pulgaon","cotton","Multiplicative"
"178","Samudrapur","cotton","Multiplicative"
"179","Sindi","cotton","Multiplicative"
"180","Sindi (Selu)","cotton","Multiplicative"
"181","Wardha","cotton","Multiplicative"
"182","Karanja","cotton","Multiplicative"
"183","Darwha","cotton","Multiplicative"
"184","Digras","cotton","Multiplicative"
"185","Ghatanji","cotton","Multiplicative"
"186","Kalamb (Yawatmal)","cotton","Multiplicative"
"187","Mahagaon","cotton","Multiplicative"
"188","Pandharkawada","cotton","Multiplicative"
"189","Ralegaon","cotton","Multiplicative"
"190","Umarkhed","cotton","Multiplicative"
"191","Vani","cotton","Multiplicative"
"192","Yeotmal","cotton","Multiplicative"
"193","Zarijamini","cotton","Multiplicative"
"194","Maregaon","cotton","Multiplicative"
"195","Kolhapur-Laxmipuri","grnut kernels","Multiplicative"
"196","Mumbai","grnut kernels","Multiplicative"
"197","Pune","grnut kernels","Multiplicative"
"198","Kopargaon","maize","Multiplicative"
"199","Newasa","maize","Multiplicative"
"200","Rahata","maize","Multiplicative"
"201","Rahuri","maize","Multiplicative"
"202","Rahuri-Vambori","maize","Multiplicative"
"203","Sangamner","maize","Multiplicative"
"204","Shevgaon-Bodhegaon","maize","Multiplicative"
"205","Shrirampur","maize","Multiplicative"
"206","Ahmednagar","maize","Multiplicative"
"207","Akole","maize","Multiplicative"
"208","Shevgaon","maize","Multiplicative"
"209","Achalpur","maize","Multiplicative"
"210","Amarawati","maize","Multiplicative"
"211","Varud-Rajura Bazar","maize","Multiplicative"
"212","Aurangabad","maize","Multiplicative"
"213","Fulambri","maize","Multiplicative"
"214","Gangapur","maize","Multiplicative"
"215","Kannad","maize","Multiplicative"
"216","Khultabad","maize","Multiplicative"
"217","Vaijapur","maize","Multiplicative"
"218","Lasur Station","maize","Multiplicative"
"219","Sillod","maize","Multiplicative"
"220","Sillod-Bharadi","maize","Multiplicative"
"221","Ambejogai","maize","Multiplicative"
"222","Beed","maize","Multiplicative"
"223","Gevrai","maize","Multiplicative"
"224","Kada","maize","Multiplicative"
"225","Parli-Vaijnath","maize","Multiplicative"
"226","Kada (Ashti)","maize","Multiplicative"
"227","Kej","maize","Multiplicative"
"228","Kille Dharur","maize","Multiplicative"
"229","Chikhali","maize","Multiplicative"
"230","Jalgaon Jamod","maize","Multiplicative"
"231","Jalgaon Jamod-Aasalgaon","maize","Multiplicative"
"232","Khamgaon","maize","Multiplicative"
"233","Lonar","maize","Multiplicative"
"234","Malkapur","maize","Multiplicative"
"235","Mehkar","maize","Multiplicative"
"236","Nandura","maize","Multiplicative"
"237","Sangrampur","maize","Multiplicative"
"238","Shegaon","maize","Multiplicative"
"239","Dhule","maize","Multiplicative"
"240","Dondaicha","maize","Multiplicative"
"241","Sakri","maize","Multiplicative"
"242","Shirpur","maize","Multiplicative"
"243","Aheri","maize","Multiplicative"
"244","Bhusaval","maize","Multiplicative"
"245","Chalisgaon","maize","Multiplicative"
"246","Chopda","maize","Multiplicative"
"247","Jalgaon","maize","Multiplicative"
"248","Raver","maize","Multiplicative"
"249","Amalner","maize","Multiplicative"
"250","Yawal","maize","Multiplicative"
"251","Ambad(Vadi Godri)","maize","Multiplicative"
"252","Bhokardan","maize","Multiplicative"
"253","Bhokardan-Pimpalgaon Renu","maize","Multiplicative"
"254","Jafrabad","maize","Multiplicative"
"255","Jalna","maize","Multiplicative"
"256","Jalna-Badnapur","maize","Multiplicative"
"257","Kolhapur-Laxmipuri","maize","Multiplicative"
"258","Ausa","maize","Multiplicative"
"259","Latur","maize","Multiplicative"
"260","Ahmedpur","maize","Multiplicative"
"261","Savner","maize","Multiplicative"
"262","Nandurbar","maize","Multiplicative"
"263","Navapur","maize","Multiplicative"
"264","Shahada","maize","Multiplicative"
"265","Taloda","maize","Multiplicative"
"266","Devala","maize","Multiplicative"
"267","Kalvan","maize","Multiplicative"
"268","Lasalgaon","maize","Multiplicative"
"269","Malegaon","maize","Multiplicative"
"270","Manmad","maize","Multiplicative"
"271","Nandgaon","maize","Multiplicative"
"272","Satana","maize","Multiplicative"
"273","Sinner","maize","Multiplicative"
"274","Yeola","maize","Multiplicative"
"275","Kalamb (Os)","maize","Multiplicative"
"276","Umarga","maize","Multiplicative"
"277","Murum","maize","Multiplicative"
"278","Tuljapur","maize","Multiplicative"
"279","Baramati","maize","Multiplicative"
"280","Dound","maize","Multiplicative"
"281","Indapur","maize","Multiplicative"
"282","Indapur-Bhigwan","maize","Multiplicative"
"283","Pune","maize","Multiplicative"
"284","Shirur","maize","Multiplicative"
"285","Shirala","maize","Multiplicative"
"286","Tasgaon","maize","Multiplicative"
"287","Sangali","maize","Multiplicative"
"288","Lonand","maize","Multiplicative"
"289","Phaltan","maize","Multiplicative"
"290","Vaduj","maize","Multiplicative"
"291","Akluj","maize","Multiplicative"
"292","Barshi","maize","Multiplicative"
"293","Barshi-Vairag","maize","Multiplicative"
"294","Dudhani","maize","Multiplicative"
"295","Kurdwadi","maize","Multiplicative"
"296","Mangalwedha","maize","Multiplicative"
"297","Mohol","maize","Multiplicative"
"298","Pandharpur","maize","Multiplicative"
"299","Karmala","maize","Multiplicative"
"300","Akkolkot","maize","Multiplicative"
"301","Solapur","maize","Multiplicative"
"302","Washim","maize","Multiplicative"
"303","Pusad","maize","Multiplicative"
"304","Vaijapur","mustard","Multiplicative"
"305","Shegaon","mustard","Multiplicative"
"306","Jalna","mustard","Multiplicative"
"307","Mantha","mustard","Multiplicative"
"308","Ausa","mustard","Multiplicative"
"309","Umared","mustard","Multiplicative"
"310","Jintur","mustard","Multiplicative"
"311","Sonpeth","mustard","Multiplicative"
"312","Barshi","mustard","Multiplicative"
"313","Washim","mustard","Multiplicative"
"314","Ausa","nigerseed","Multiplicative"
"315","Ahmedpur","nigerseed","Multiplicative"
"316","Umarga","nigerseed","Multiplicative"
"317","Akole","paddyunhusked","Multiplicative"
"318","Pavani","paddyunhusked","Multiplicative"
"319","Tumsar","paddyunhusked","Multiplicative"
"320","Lakhandur","paddyunhusked","Multiplicative"
"321","Lakhani","paddyunhusked","Multiplicative"
"322","Brahmpuri","paddyunhusked","Multiplicative"
"323","Chimur","paddyunhusked","Multiplicative"
"324","Gondpimpri","paddyunhusked","Multiplicative"
"325","Mul","paddyunhusked","Multiplicative"
"326","Nagbhid","paddyunhusked","Multiplicative"
"327","Savali","paddyunhusked","Multiplicative"
"328","Sindevahi","paddyunhusked","Multiplicative"
"329","Aheri","paddyunhusked","Multiplicative"
"330","Armori","paddyunhusked","Multiplicative"
"331","Armori-Desaiganj","paddyunhusked","Multiplicative"
"332","Chamorshi","paddyunhusked","Multiplicative"
"333","Gadchiroli","paddyunhusked","Multiplicative"
"334","Aamgaon","paddyunhusked","Multiplicative"
"335","Arjuni Morgaon","paddyunhusked","Multiplicative"
"336","Gondiya","paddyunhusked","Multiplicative"
"337","Goregaon","paddyunhusked","Multiplicative"
"338","Tiroda","paddyunhusked","Multiplicative"
"339","Kolhapur-Laxmipuri","paddyunhusked","Multiplicative"
"340","Ausa","paddyunhusked","Multiplicative"
"341","Ahmedpur","paddyunhusked","Multiplicative"
"342","Bhiwapur","paddyunhusked","Multiplicative"
"343","Mandhal","paddyunhusked","Multiplicative"
"344","Nagpur","paddyunhusked","Multiplicative"
"345","Ramtek","paddyunhusked","Multiplicative"
"346","Navapur","paddyunhusked","Multiplicative"
"347","Ghoti","paddyunhusked","Multiplicative"
"348","Umarga","paddyunhusked","Multiplicative"
"349","Tuljapur","paddyunhusked","Multiplicative"
"350","Karjat (Raigad)","paddyunhusked","Multiplicative"
"351","Pen","paddyunhusked","Multiplicative"
"352","Roha","paddyunhusked","Multiplicative"
"353","Mangaon(Bhadav)","paddyunhusked","Multiplicative"
"354","Shirala","paddyunhusked","Multiplicative"
"355","Barshi","paddyunhusked","Multiplicative"
"356","Barshi-Vairag","paddyunhusked","Multiplicative"
"357","Murbad","paddyunhusked","Multiplicative"
"358","Shahapur","paddyunhusked","Multiplicative"
"359","Vasai","paddyunhusked","Multiplicative"
"360","Washim","paddyunhusked","Multiplicative"
"361","Jamkhed","pigeon pea tur","Multiplicative"
"362","Pathardi","pigeon pea tur","Multiplicative"
"363","Rahuri-Vambori","pigeon pea tur","Multiplicative"
"364","Shevgaon","pigeon pea tur","Multiplicative"
"365","Shevgaon-Bodhegaon","pigeon pea tur","Multiplicative"
"366","Shrirampur","pigeon pea tur","Multiplicative"
"367","Ahmednagar","pigeon pea tur","Multiplicative"
"368","Rahata","pigeon pea tur","Multiplicative"
"369","Akola","pigeon pea tur","Multiplicative"
"370","Murtizapur","pigeon pea tur","Multiplicative"
"371","Telhara","pigeon pea tur","Multiplicative"
"372","Patur","pigeon pea tur","Multiplicative"
"373","Achalpur","pigeon pea tur","Multiplicative"
"374","Amarawati","pigeon pea tur","Multiplicative"
"375","Anajngaon Surji","pigeon pea tur","Multiplicative"
"376","Chandur Bajar","pigeon pea tur","Multiplicative"
"377","Chandur Rly.","pigeon pea tur","Multiplicative"
"378","Daryapur","pigeon pea tur","Multiplicative"
"379","Dhamangaon-Rly","pigeon pea tur","Multiplicative"
"380","Morshi","pigeon pea tur","Multiplicative"
"381","Varud-Rajura Bazar","pigeon pea tur","Multiplicative"
"382","Gangapur","pigeon pea tur","Multiplicative"
"383","Vaijapur","pigeon pea tur","Multiplicative"
"384","Aurangabad","pigeon pea tur","Multiplicative"
"385","Lasur Station","pigeon pea tur","Multiplicative"
"386","Sillod-Bharadi","pigeon pea tur","Multiplicative"
"387","Ambejogai","pigeon pea tur","Multiplicative"
"388","Beed","pigeon pea tur","Multiplicative"
"389","Gevrai","pigeon pea tur","Multiplicative"
"390","Kada","pigeon pea tur","Multiplicative"
"391","Kej","pigeon pea tur","Multiplicative"
"392","Majalgaon","pigeon pea tur","Multiplicative"
"393","Parli-Vaijnath","pigeon pea tur","Multiplicative"
"394","Kille Dharur","pigeon pea tur","Multiplicative"
"395","Tumsar","pigeon pea tur","Multiplicative"
"396","Bhandara","pigeon pea tur","Multiplicative"
"397","Chikhali","pigeon pea tur","Multiplicative"
"398","Jalgaon Jamod","pigeon pea tur","Multiplicative"
"399","Jalgaon Jamod-Aasalgaon","pigeon pea tur","Multiplicative"
"400","Khamgaon","pigeon pea tur","Multiplicative"
"401","Lonar","pigeon pea tur","Multiplicative"
"402","Malkapur","pigeon pea tur","Multiplicative"
"403","Mehkar","pigeon pea tur","Multiplicative"
"404","Nandura","pigeon pea tur","Multiplicative"
"405","Sangrampur","pigeon pea tur","Multiplicative"
"406","Shegaon","pigeon pea tur","Multiplicative"
"407","Gondpimpri","pigeon pea tur","Multiplicative"
"408","Chandrapur","pigeon pea tur","Multiplicative"
"409","Dhule","pigeon pea tur","Multiplicative"
"410","Dondaicha","pigeon pea tur","Multiplicative"
"411","Sakri","pigeon pea tur","Multiplicative"
"412","Shirpur","pigeon pea tur","Multiplicative"
"413","Aheri","pigeon pea tur","Multiplicative"
"414","Akhadabalapur","pigeon pea tur","Multiplicative"
"415","Hingoli","pigeon pea tur","Multiplicative"
"416","Jawala-Bajar","pigeon pea tur","Multiplicative"
"417","Chalisgaon","pigeon pea tur","Multiplicative"
"418","Jalgaon","pigeon pea tur","Multiplicative"
"419","Amalner","pigeon pea tur","Multiplicative"
"420","Raver","pigeon pea tur","Multiplicative"
"421","Ambad(Vadi Godri)","pigeon pea tur","Multiplicative"
"422","Jalna","pigeon pea tur","Multiplicative"
"423","Mantha","pigeon pea tur","Multiplicative"
"424","Jalna-Badnapur","pigeon pea tur","Multiplicative"
"425","Partur","pigeon pea tur","Multiplicative"
"426","Ausa","pigeon pea tur","Multiplicative"
"427","Latur","pigeon pea tur","Multiplicative"
"428","Udgir","pigeon pea tur","Multiplicative"
"429","Ahmedpur","pigeon pea tur","Multiplicative"
"430","Jalkot","pigeon pea tur","Multiplicative"
"431","Nilanga","pigeon pea tur","Multiplicative"
"432","Katol","pigeon pea tur","Multiplicative"
"433","Ramtek","pigeon pea tur","Multiplicative"
"434","Savner","pigeon pea tur","Multiplicative"
"435","Umared","pigeon pea tur","Multiplicative"
"436","Nagpur","pigeon pea tur","Multiplicative"
"437","Kalmeshwar","pigeon pea tur","Multiplicative"
"438","Loha","pigeon pea tur","Multiplicative"
"439","Nanded","pigeon pea tur","Multiplicative"
"440","Bhokar","pigeon pea tur","Multiplicative"
"441","Naigaon","pigeon pea tur","Multiplicative"
"442","Dharmabad","pigeon pea tur","Multiplicative"
"443","Hadgaon","pigeon pea tur","Multiplicative"
"444","Nandurbar","pigeon pea tur","Multiplicative"
"445","Shahada","pigeon pea tur","Multiplicative"
"446","Taloda","pigeon pea tur","Multiplicative"
"447","Devala","pigeon pea tur","Multiplicative"
"448","Kalvan","pigeon pea tur","Multiplicative"
"449","Nandgaon","pigeon pea tur","Multiplicative"
"450","Sinner","pigeon pea tur","Multiplicative"
"451","Lasalgaon","pigeon pea tur","Multiplicative"
"452","Malegaon","pigeon pea tur","Multiplicative"
"453","Satana","pigeon pea tur","Multiplicative"
"454","Yeola","pigeon pea tur","Multiplicative"
"455","Kalamb (Os)","pigeon pea tur","Multiplicative"
"456","Murum","pigeon pea tur","Multiplicative"
"457","Osmanabad","pigeon pea tur","Multiplicative"
"458","Umarga","pigeon pea tur","Multiplicative"
"459","Tuljapur","pigeon pea tur","Multiplicative"
"460","Jintur","pigeon pea tur","Multiplicative"
"461","Jintur-Bori","pigeon pea tur","Multiplicative"
"462","Parbhani","pigeon pea tur","Multiplicative"
"463","Sailu","pigeon pea tur","Multiplicative"
"464","Sonpeth","pigeon pea tur","Multiplicative"
"465","Tadkalas","pigeon pea tur","Multiplicative"
"466","Purna","pigeon pea tur","Multiplicative"
"467","Indapur-Bhigwan","pigeon pea tur","Multiplicative"
"468","Shirur","pigeon pea tur","Multiplicative"
"469","Akkolkot","pigeon pea tur","Multiplicative"
"470","Barshi","pigeon pea tur","Multiplicative"
"471","Barshi-Vairag","pigeon pea tur","Multiplicative"
"472","Dudhani","pigeon pea tur","Multiplicative"
"473","Kurdwadi","pigeon pea tur","Multiplicative"
"474","Mangalwedha","pigeon pea tur","Multiplicative"
"475","Mohol","pigeon pea tur","Multiplicative"
"476","Solapur","pigeon pea tur","Multiplicative"
"477","Hinganghat","pigeon pea tur","Multiplicative"
"478","Wardha","pigeon pea tur","Multiplicative"
"479","Pulgaon","pigeon pea tur","Multiplicative"
"480","Karanja","pigeon pea tur","Multiplicative"
"481","Mangrulpeer","pigeon pea tur","Multiplicative"
"482","Manora","pigeon pea tur","Multiplicative"
"483","Risod","pigeon pea tur","Multiplicative"
"484","Washim","pigeon pea tur","Multiplicative"
"485","Pandharkawada","pigeon pea tur","Multiplicative"
"486","Pusad","pigeon pea tur","Multiplicative"
"487","Yeotmal","pigeon pea tur","Multiplicative"
"488","Ner Parasopant","pigeon pea tur","Multiplicative"
"489","Aarni","pigeon pea tur","Multiplicative"
"490","Babhulgaon","pigeon pea tur","Multiplicative"
"491","Vani","pigeon pea tur","Multiplicative"
"492","Digras","pigeon pea tur","Multiplicative"
"493","Umarkhed","pigeon pea tur","Multiplicative"
"494","Shrirampur","ricepaddyhus","Multiplicative"
"495","Achalpur","ricepaddyhus","Multiplicative"
"496","Bhandara","ricepaddyhus","Multiplicative"
"497","Tumsar","ricepaddyhus","Multiplicative"
"498","Aheri","ricepaddyhus","Multiplicative"
"499","Kolhapur-Laxmipuri","ricepaddyhus","Multiplicative"
"500","Ahmedpur","ricepaddyhus","Multiplicative"
"501","Nagpur","ricepaddyhus","Multiplicative"
"502","Umared","ricepaddyhus","Multiplicative"
"503","Ramtek","ricepaddyhus","Multiplicative"
"504","Nandurbar","ricepaddyhus","Multiplicative"
"505","Lasalgaon","ricepaddyhus","Multiplicative"
"506","Sinner","ricepaddyhus","Multiplicative"
"507","Devala","ricepaddyhus","Multiplicative"
"508","Satana","ricepaddyhus","Multiplicative"
"509","Ghoti","ricepaddyhus","Multiplicative"
"510","Indapur-Bhigwan","ricepaddyhus","Multiplicative"
"511","Pune","ricepaddyhus","Multiplicative"
"512","Alibag","ricepaddyhus","Multiplicative"
"513","Karjat (Raigad)","ricepaddyhus","Multiplicative"
"514","Mangaon(Bhadav)","ricepaddyhus","Multiplicative"
"515","Pen","ricepaddyhus","Multiplicative"
"516","Sangali","ricepaddyhus","Multiplicative"
"517","Solapur","ricepaddyhus","Multiplicative"
"518","Barshi","ricepaddyhus","Multiplicative"
"519","Bhivandi","ricepaddyhus","Multiplicative"
"520","Palghar(Bevur)","ricepaddyhus","Multiplicative"
"521","Vasai","ricepaddyhus","Multiplicative"
"522","Digras","ricepaddyhus","Multiplicative"
"523","Rahuri-Vambori","safflower","Multiplicative"
"524","Sillod-Bharadi","safflower","Multiplicative"
"525","Vaijapur","safflower","Multiplicative"
"526","Ambejogai","safflower","Multiplicative"
"527","Parli-Vaijnath","safflower","Multiplicative"
"528","Jalna","safflower","Multiplicative"
"529","Mantha","safflower","Multiplicative"
"530","Ausa","safflower","Multiplicative"
"531","Ahmedpur","safflower","Multiplicative"
"532","Latur","safflower","Multiplicative"
"533","Loha","safflower","Multiplicative"
"534","Kalamb (Os)","safflower","Multiplicative"
"535","Umarga","safflower","Multiplicative"
"536","Murum","safflower","Multiplicative"
"537","Jintur-Bori","safflower","Multiplicative"
"538","Jintur","safflower","Multiplicative"
"539","Sonpeth","safflower","Multiplicative"
"540","Indapur-Bhigwan","safflower","Multiplicative"
"541","Barshi-Vairag","safflower","Multiplicative"
"542","Washim","safflower","Multiplicative"
"543","Achalpur","sesamum","Multiplicative"
"544","Anajngaon Surji","sesamum","Multiplicative"
"545","Ambejogai","sesamum","Multiplicative"
"546","Beed","sesamum","Multiplicative"
"547","Gevrai","sesamum","Multiplicative"
"548","Kej","sesamum","Multiplicative"
"549","Kille Dharur","sesamum","Multiplicative"
"550","Majalgaon","sesamum","Multiplicative"
"551","Khamgaon","sesamum","Multiplicative"
"552","Nandura","sesamum","Multiplicative"
"553","Shegaon","sesamum","Multiplicative"
"554","Jalgaon Jamod-Aasalgaon","sesamum","Multiplicative"
"555","Malkapur","sesamum","Multiplicative"
"556","Dhule","sesamum","Multiplicative"
"557","Shirpur","sesamum","Multiplicative"
"558","Aheri","sesamum","Multiplicative"
"559","Chopda","sesamum","Multiplicative"
"560","Amalner","sesamum","Multiplicative"
"561","Jalgaon","sesamum","Multiplicative"
"562","Jalna","sesamum","Multiplicative"
"563","Ausa","sesamum","Multiplicative"
"564","Ahmedpur","sesamum","Multiplicative"
"565","Bhokar","sesamum","Multiplicative"
"566","Loha","sesamum","Multiplicative"
"567","Kalamb (Os)","sesamum","Multiplicative"
"568","Murum","sesamum","Multiplicative"
"569","Umarga","sesamum","Multiplicative"
"570","Osmanabad","sesamum","Multiplicative"
"571","Sonpeth","sesamum","Multiplicative"
"572","Indapur-Bhigwan","sesamum","Multiplicative"
"573","Barshi","sesamum","Multiplicative"
"574","Karanja","sesamum","Multiplicative"
"575","Pusad","sesamum","Multiplicative"
"576","Jamkhed","sorgumjawar","Multiplicative"
"577","Kopargaon","sorgumjawar","Multiplicative"
"578","Pathardi","sorgumjawar","Multiplicative"
"579","Rahata","sorgumjawar","Multiplicative"
"580","Rahuri","sorgumjawar","Multiplicative"
"581","Rahuri-Vambori","sorgumjawar","Multiplicative"
"582","Sangamner","sorgumjawar","Multiplicative"
"583","Shevgaon","sorgumjawar","Multiplicative"
"584","Shevgaon-Bodhegaon","sorgumjawar","Multiplicative"
"585","Shrirampur","sorgumjawar","Multiplicative"
"586","Ahmednagar","sorgumjawar","Multiplicative"
"587","Newasa","sorgumjawar","Multiplicative"
"588","Akola","sorgumjawar","Multiplicative"
"589","Murtizapur","sorgumjawar","Multiplicative"
"590","Telhara","sorgumjawar","Multiplicative"
"591","Patur","sorgumjawar","Multiplicative"
"592","Achalpur","sorgumjawar","Multiplicative"
"593","Amarawati","sorgumjawar","Multiplicative"
"594","Anajngaon Surji","sorgumjawar","Multiplicative"
"595","Chandur Bajar","sorgumjawar","Multiplicative"
"596","Chandur Rly.","sorgumjawar","Multiplicative"
"597","Daryapur","sorgumjawar","Multiplicative"
"598","Morshi","sorgumjawar","Multiplicative"
"599","Varud","sorgumjawar","Multiplicative"
"600","Varud-Rajura Bazar","sorgumjawar","Multiplicative"
"601","Aurangabad","sorgumjawar","Multiplicative"
"602","Gangapur","sorgumjawar","Multiplicative"
"603","Kannad","sorgumjawar","Multiplicative"
"604","Paithan","sorgumjawar","Multiplicative"
"605","Vaijapur","sorgumjawar","Multiplicative"
"606","Lasur Station","sorgumjawar","Multiplicative"
"607","Sillod","sorgumjawar","Multiplicative"
"608","Sillod-Bharadi","sorgumjawar","Multiplicative"
"609","Ambejogai","sorgumjawar","Multiplicative"
"610","Beed","sorgumjawar","Multiplicative"
"611","Gevrai","sorgumjawar","Multiplicative"
"612","Kada","sorgumjawar","Multiplicative"
"613","Kej","sorgumjawar","Multiplicative"
"614","Kille Dharur","sorgumjawar","Multiplicative"
"615","Majalgaon","sorgumjawar","Multiplicative"
"616","Parli-Vaijnath","sorgumjawar","Multiplicative"
"617","Kada (Ashti)","sorgumjawar","Multiplicative"
"618","Chikhali","sorgumjawar","Multiplicative"
"619","Jalgaon Jamod","sorgumjawar","Multiplicative"
"620","Jalgaon Jamod-Aasalgaon","sorgumjawar","Multiplicative"
"621","Khamgaon","sorgumjawar","Multiplicative"
"622","Lonar","sorgumjawar","Multiplicative"
"623","Malkapur","sorgumjawar","Multiplicative"
"624","Mehkar","sorgumjawar","Multiplicative"
"625","Nandura","sorgumjawar","Multiplicative"
"626","Sangrampur","sorgumjawar","Multiplicative"
"627","Shegaon","sorgumjawar","Multiplicative"
"628","Buldhana","sorgumjawar","Multiplicative"
"629","Dhule","sorgumjawar","Multiplicative"
"630","Dondaicha","sorgumjawar","Multiplicative"
"631","Shirpur","sorgumjawar","Multiplicative"
"632","Sakri","sorgumjawar","Multiplicative"
"633","Aheri","sorgumjawar","Multiplicative"
"634","Akhadabalapur","sorgumjawar","Multiplicative"
"635","Hingoli","sorgumjawar","Multiplicative"
"636","Basmat","sorgumjawar","Multiplicative"
"637","Bhusaval","sorgumjawar","Multiplicative"
"638","Chalisgaon","sorgumjawar","Multiplicative"
"639","Chopda","sorgumjawar","Multiplicative"
"640","Jalgaon","sorgumjawar","Multiplicative"
"641","Raver","sorgumjawar","Multiplicative"
"642","Amalner","sorgumjawar","Multiplicative"
"643","Yawal","sorgumjawar","Multiplicative"
"644","Ambad(Vadi Godri)","sorgumjawar","Multiplicative"
"645","Bhokardan","sorgumjawar","Multiplicative"
"646","Bhokardan-Pimpalgaon Renu","sorgumjawar","Multiplicative"
"647","Jafrabad","sorgumjawar","Multiplicative"
"648","Jalna","sorgumjawar","Multiplicative"
"649","Mantha","sorgumjawar","Multiplicative"
"650","Partur","sorgumjawar","Multiplicative"
"651","Jalna-Badnapur","sorgumjawar","Multiplicative"
"652","Ghansawangi","sorgumjawar","Multiplicative"
"653","Kolhapur-Laxmipuri","sorgumjawar","Multiplicative"
"654","Ausa","sorgumjawar","Multiplicative"
"655","Latur","sorgumjawar","Multiplicative"
"656","Udgir","sorgumjawar","Multiplicative"
"657","Ahmedpur","sorgumjawar","Multiplicative"
"658","Nilanga","sorgumjawar","Multiplicative"
"659","Mumbai","sorgumjawar","Multiplicative"
"660","Katol","sorgumjawar","Multiplicative"
"661","Nagpur","sorgumjawar","Multiplicative"
"662","Savner","sorgumjawar","Multiplicative"
"663","Umared","sorgumjawar","Multiplicative"
"664","Bhokar","sorgumjawar","Multiplicative"
"665","Loha","sorgumjawar","Multiplicative"
"666","Naigaon","sorgumjawar","Multiplicative"
"667","Nanded","sorgumjawar","Multiplicative"
"668","Hadgaon","sorgumjawar","Multiplicative"
"669","Nandurbar","sorgumjawar","Multiplicative"
"670","Navapur","sorgumjawar","Multiplicative"
"671","Shahada","sorgumjawar","Multiplicative"
"672","Taloda","sorgumjawar","Multiplicative"
"673","Devala","sorgumjawar","Multiplicative"
"674","Lasalgaon","sorgumjawar","Multiplicative"
"675","Malegaon","sorgumjawar","Multiplicative"
"676","Nandgaon","sorgumjawar","Multiplicative"
"677","Sinner","sorgumjawar","Multiplicative"
"678","Satana","sorgumjawar","Multiplicative"
"679","Yeola","sorgumjawar","Multiplicative"
"680","Kalamb (Os)","sorgumjawar","Multiplicative"
"681","Murum","sorgumjawar","Multiplicative"
"682","Osmanabad","sorgumjawar","Multiplicative"
"683","Umarga","sorgumjawar","Multiplicative"
"684","Tuljapur","sorgumjawar","Multiplicative"
"685","Jintur","sorgumjawar","Multiplicative"
"686","Jintur-Bori","sorgumjawar","Multiplicative"
"687","Parbhani","sorgumjawar","Multiplicative"
"688","Pathari","sorgumjawar","Multiplicative"
"689","Purna","sorgumjawar","Multiplicative"
"690","Sailu","sorgumjawar","Multiplicative"
"691","Sonpeth","sorgumjawar","Multiplicative"
"692","Gangakhed","sorgumjawar","Multiplicative"
"693","Tadkalas","sorgumjawar","Multiplicative"
"694","Baramati","sorgumjawar","Multiplicative"
"695","Dound","sorgumjawar","Multiplicative"
"696","Indapur-Bhigwan","sorgumjawar","Multiplicative"
"697","Shirur","sorgumjawar","Multiplicative"
"698","Indapur","sorgumjawar","Multiplicative"
"699","Atpadi","sorgumjawar","Multiplicative"
"700","Sangali","sorgumjawar","Multiplicative"
"701","Tasgaon","sorgumjawar","Multiplicative"
"702","Koregaon","sorgumjawar","Multiplicative"
"703","Lonand","sorgumjawar","Multiplicative"
"704","Phaltan","sorgumjawar","Multiplicative"
"705","Vaduj","sorgumjawar","Multiplicative"
"706","Barshi","sorgumjawar","Multiplicative"
"707","Barshi-Vairag","sorgumjawar","Multiplicative"
"708","Dudhani","sorgumjawar","Multiplicative"
"709","Kurdwadi","sorgumjawar","Multiplicative"
"710","Mangalwedha","sorgumjawar","Multiplicative"
"711","Mohol","sorgumjawar","Multiplicative"
"712","Pandharpur","sorgumjawar","Multiplicative"
"713","Solapur","sorgumjawar","Multiplicative"
"714","Akluj","sorgumjawar","Multiplicative"
"715","Akkolkot","sorgumjawar","Multiplicative"
"716","Karmala","sorgumjawar","Multiplicative"
"717","Vasai","sorgumjawar","Multiplicative"
"718","Wardha","sorgumjawar","Multiplicative"
"719","Karanja","sorgumjawar","Multiplicative"
"720","Mangrulpeer","sorgumjawar","Multiplicative"
"721","Washim","sorgumjawar","Multiplicative"
"722","Malegaon (Washim)","sorgumjawar","Multiplicative"
"723","Pusad","sorgumjawar","Multiplicative"
"724","Yeotmal","sorgumjawar","Multiplicative"
"725","Digras","sorgumjawar","Multiplicative"
"726","Kolhapur-Laxmipuri","spilt gerrn gram","Multiplicative"
"727","Mumbai","spilt gerrn gram","Multiplicative"
"728","Kolhapur-Laxmipuri","split black gram","Multiplicative"
"729","Mumbai","split black gram","Multiplicative"
"730","Kamthi","sugarcane","Multiplicative"
"731","Rahuri-Vambori","sunflower","Multiplicative"
"732","Murtizapur","sunflower","Multiplicative"
"733","Anajngaon Surji","sunflower","Multiplicative"
"734","Daryapur","sunflower","Multiplicative"
"735","Ambejogai","sunflower","Multiplicative"
"736","Gevrai","sunflower","Multiplicative"
"737","Kada","sunflower","Multiplicative"
"738","Majalgaon","sunflower","Multiplicative"
"739","Parli-Vaijnath","sunflower","Multiplicative"
"740","Khamgaon","sunflower","Multiplicative"
"741","Shegaon","sunflower","Multiplicative"
"742","Chalisgaon","sunflower","Multiplicative"
"743","Chopda","sunflower","Multiplicative"
"744","Jalna","sunflower","Multiplicative"
"745","Ausa","sunflower","Multiplicative"
"746","Ahmedpur","sunflower","Multiplicative"
"747","Latur","sunflower","Multiplicative"
"748","Loha","sunflower","Multiplicative"
"749","Nandurbar","sunflower","Multiplicative"
"750","Lasalgaon","sunflower","Multiplicative"
"751","Kalvan","sunflower","Multiplicative"
"752","Kalamb (Os)","sunflower","Multiplicative"
"753","Umarga","sunflower","Multiplicative"
"754","Baramati","sunflower","Multiplicative"
"755","Indapur-Bhigwan","sunflower","Multiplicative"
"756","Indapur","sunflower","Multiplicative"
"757","Barshi","sunflower","Multiplicative"
"758","Barshi-Vairag","sunflower","Multiplicative"
"759","Karmala","sunflower","Multiplicative"
"760","Karanja","sunflower","Multiplicative"
"761","Akole","wheathusked","Multiplicative"
"762","Kopargaon","wheathusked","Multiplicative"
"763","Newasa","wheathusked","Multiplicative"
"764","Pathardi","wheathusked","Multiplicative"
"765","Rahata","wheathusked","Multiplicative"
"766","Rahuri","wheathusked","Multiplicative"
"767","Rahuri-Vambori","wheathusked","Multiplicative"
"768","Sangamner","wheathusked","Multiplicative"
"769","Shevgaon","wheathusked","Multiplicative"
"770","Shevgaon-Bodhegaon","wheathusked","Multiplicative"
"771","Shrirampur","wheathusked","Multiplicative"
"772","Ahmednagar","wheathusked","Multiplicative"
"773","Akola","wheathusked","Multiplicative"
"774","Murtizapur","wheathusked","Multiplicative"
"775","Telhara","wheathusked","Multiplicative"
"776","Patur","wheathusked","Multiplicative"
"777","Achalpur","wheathusked","Multiplicative"
"778","Amarawati","wheathusked","Multiplicative"
"779","Anajngaon Surji","wheathusked","Multiplicative"
"780","Chandur Bajar","wheathusked","Multiplicative"
"781","Chandur Rly.","wheathusked","Multiplicative"
"782","Dhamangaon-Rly","wheathusked","Multiplicative"
"783","Morshi","wheathusked","Multiplicative"
"784","Varud-Rajura Bazar","wheathusked","Multiplicative"
"785","Aurangabad","wheathusked","Multiplicative"
"786","Gangapur","wheathusked","Multiplicative"
"787","Kannad","wheathusked","Multiplicative"
"788","Paithan","wheathusked","Multiplicative"
"789","Vaijapur","wheathusked","Multiplicative"
"790","Lasur Station","wheathusked","Multiplicative"
"791","Sillod","wheathusked","Multiplicative"
"792","Sillod-Bharadi","wheathusked","Multiplicative"
"793","Ambejogai","wheathusked","Multiplicative"
"794","Beed","wheathusked","Multiplicative"
"795","Gevrai","wheathusked","Multiplicative"
"796","Kada","wheathusked","Multiplicative"
"797","Kej","wheathusked","Multiplicative"
"798","Kille Dharur","wheathusked","Multiplicative"
"799","Majalgaon","wheathusked","Multiplicative"
"800","Parli-Vaijnath","wheathusked","Multiplicative"
"801","Bhandara","wheathusked","Multiplicative"
"802","Pavani","wheathusked","Multiplicative"
"803","Tumsar","wheathusked","Multiplicative"
"804","Buldhana","wheathusked","Multiplicative"
"805","Chikhali","wheathusked","Multiplicative"
"806","Jalgaon Jamod","wheathusked","Multiplicative"
"807","Jalgaon Jamod-Aasalgaon","wheathusked","Multiplicative"
"808","Khamgaon","wheathusked","Multiplicative"
"809","Lonar","wheathusked","Multiplicative"
"810","Malkapur","wheathusked","Multiplicative"
"811","Mehkar","wheathusked","Multiplicative"
"812","Nandura","wheathusked","Multiplicative"
"813","Sangrampur","wheathusked","Multiplicative"
"814","Shegaon","wheathusked","Multiplicative"
"815","Dhule","wheathusked","Multiplicative"
"816","Dondaicha","wheathusked","Multiplicative"
"817","Sakri","wheathusked","Multiplicative"
"818","Shirpur","wheathusked","Multiplicative"
"819","Akhadabalapur","wheathusked","Multiplicative"
"820","Basmat","wheathusked","Multiplicative"
"821","Hingoli","wheathusked","Multiplicative"
"822","Jawala-Bajar","wheathusked","Multiplicative"
"823","Kalamnuri","wheathusked","Multiplicative"
"824","Bhusaval","wheathusked","Multiplicative"
"825","Chalisgaon","wheathusked","Multiplicative"
"826","Chopda","wheathusked","Multiplicative"
"827","Jalgaon","wheathusked","Multiplicative"
"828","Raver","wheathusked","Multiplicative"
"829","Amalner","wheathusked","Multiplicative"
"830","Ambad(Vadi Godri)","wheathusked","Multiplicative"
"831","Bhokardan","wheathusked","Multiplicative"
"832","Bhokardan-Pimpalgaon Renu","wheathusked","Multiplicative"
"833","Jafrabad","wheathusked","Multiplicative"
"834","Jalna","wheathusked","Multiplicative"
"835","Mantha","wheathusked","Multiplicative"
"836","Partur","wheathusked","Multiplicative"
"837","Ghansawangi","wheathusked","Multiplicative"
"838","Jalna-Badnapur","wheathusked","Multiplicative"
"839","Ausa","wheathusked","Multiplicative"
"840","Ahmedpur","wheathusked","Multiplicative"
"841","Nilanga","wheathusked","Multiplicative"
"842","Jalkot","wheathusked","Multiplicative"
"843","Udgir","wheathusked","Multiplicative"
"844","Katol","wheathusked","Multiplicative"
"845","Mandhal","wheathusked","Multiplicative"
"846","Ramtek","wheathusked","Multiplicative"
"847","Savner","wheathusked","Multiplicative"
"848","Umared","wheathusked","Multiplicative"
"849","Bhiwapur","wheathusked","Multiplicative"
"850","Nagpur","wheathusked","Multiplicative"
"851","Kalmeshwar","wheathusked","Multiplicative"
"852","Bhokar","wheathusked","Multiplicative"
"853","Loha","wheathusked","Multiplicative"
"854","Nanded","wheathusked","Multiplicative"
"855","Naigaon","wheathusked","Multiplicative"
"856","Dharmabad","wheathusked","Multiplicative"
"857","Hadgaon","wheathusked","Multiplicative"
"858","Nandurbar","wheathusked","Multiplicative"
"859","Shahada","wheathusked","Multiplicative"
"860","Taloda","wheathusked","Multiplicative"
"861","Devala","wheathusked","Multiplicative"
"862","Kalvan","wheathusked","Multiplicative"
"863","Lasalgaon","wheathusked","Multiplicative"
"864","Malegaon","wheathusked","Multiplicative"
"865","Manmad","wheathusked","Multiplicative"
"866","Nandgaon","wheathusked","Multiplicative"
"867","Satana","wheathusked","Multiplicative"
"868","Sinner","wheathusked","Multiplicative"
"869","Yeola","wheathusked","Multiplicative"
"870","Kalamb (Os)","wheathusked","Multiplicative"
"871","Murum","wheathusked","Multiplicative"
"872","Osmanabad","wheathusked","Multiplicative"
"873","Umarga","wheathusked","Multiplicative"
"874","Tuljapur","wheathusked","Multiplicative"
"875","Jintur","wheathusked","Multiplicative"
"876","Jintur-Bori","wheathusked","Multiplicative"
"877","Parbhani","wheathusked","Multiplicative"
"878","Purna","wheathusked","Multiplicative"
"879","Sailu","wheathusked","Multiplicative"
"880","Sonpeth","wheathusked","Multiplicative"
"881","Gangakhed","wheathusked","Multiplicative"
"882","Tadkalas","wheathusked","Multiplicative"
"883","Pathari","wheathusked","Multiplicative"
"884","Baramati","wheathusked","Multiplicative"
"885","Dound","wheathusked","Multiplicative"
"886","Indapur-Bhigwan","wheathusked","Multiplicative"
"887","Shirur","wheathusked","Multiplicative"
"888","Lonand","wheathusked","Multiplicative"
"889","Phaltan","wheathusked","Multiplicative"
"890","Koregaon","wheathusked","Multiplicative"
"891","Akluj","wheathusked","Multiplicative"
"892","Barshi","wheathusked","Multiplicative"
"893","Dudhani","wheathusked","Multiplicative"
"894","Kurdwadi","wheathusked","Multiplicative"
"895","Mangalwedha","wheathusked","Multiplicative"
"896","Mohol","wheathusked","Multiplicative"
"897","Pandharpur","wheathusked","Multiplicative"
"898","Akkolkot","wheathusked","Multiplicative"
"899","Bhivandi","wheathusked","Multiplicative"
"900","Wardha","wheathusked","Multiplicative"
"901","Karanja","wheathusked","Multiplicative"
"902","Mangrulpeer","wheathusked","Multiplicative"
"903","Manora","wheathusked","Multiplicative"
"904","Washim","wheathusked","Multiplicative"
"905","Ner Parasopant","wheathusked","Multiplicative"
"906","Pusad","wheathusked","Multiplicative"
"907","Umarkhed","wheathusked","Multiplicative"
"908","Umarkhed-Danki","wheathusked","Multiplicative"
"909","Yeotmal","wheathusked","Multiplicative"
"910","Aarni","wheathusked","Multiplicative"
"911","Vani","wheathusked","Multiplicative"
"912","Murum","wheatunhusked","Multiplicative"
"913","Umarga","wheatunhusked","Multiplicative"
"914","Tuljapur","wheatunhusked","Multiplicative"
"915","Indapur-Bhigwan","wheatunhusked","Multiplicative"
"916","Sangali","wheatunhusked","Multiplicative"
"917","Barshi","wheatunhusked","Multiplicative"
"918","Kurdwadi","wheatunhusked","Multiplicative"
"919","Mangalwedha","wheatunhusked","Multiplicative"
"920","Solapur","wheatunhusked","Multiplicative"
"921","Akkolkot","wheatunhusked","Multiplicative"
"922","Mohol","wheatunhusked","Multiplicative"
"923","Shrigonda","bajri","Multiplicative"
"924","Shrirampur-Belapur","bajri","Multiplicative"
"925","Akola","bajri","Multiplicative"
"926","Balapur","bajri","Multiplicative"
"927","Amarawati","bajri","Multiplicative"
"928","Sindkhed Raja","bajri","Multiplicative"
"929","Lonar","bajri","Multiplicative"
"930","Dondaicha-Sindkheda","bajri","Multiplicative"
"931","Pachora","bajri","Multiplicative"
"932","Parola","bajri","Multiplicative"
"933","Yawal","bajri","Multiplicative"
"934","Ashti (Jalna)","bajri","Multiplicative"
"935","Bhokardan","bajri","Multiplicative"
"936","Bhokardan-Pimpalgaon Renu","bajri","Multiplicative"
"937","Mukhed","bajri","Multiplicative"
"938","Lasalgaon-Vinchur","bajri","Multiplicative"
"939","Lohara","bajri","Multiplicative"
"940","Pathari","bajri","Multiplicative"
"941","Manwat","bajri","Multiplicative"
"942","Nira","bajri","Multiplicative"
"943","Indapur (Nimgaon Ketki)","bajri","Multiplicative"
"944","Nira-Saswad","bajri","Multiplicative"
"945","Pune","bajri","Multiplicative"
"946","Kurdwadi-Modnimb","bajri","Multiplicative"
"947","Barshi-Vairag","bajri","Multiplicative"
"948","Kalyan","bajri","Multiplicative"
"949","Washim","bajri","Multiplicative"
"950","Digras","bajri","Multiplicative"
"951","Sangamner","cotton","Multiplicative"
"952","Akot","cotton","Multiplicative"
"953","Barshi Takli","cotton","Multiplicative"
"954","Amarawati","cotton","Multiplicative"
"955","Dharni","cotton","Multiplicative"
"956","Tiwasa","cotton","Multiplicative"
"957","Soygaon","cotton","Multiplicative"
"958","Khultabad","cotton","Multiplicative"
"959","Fulambri","cotton","Multiplicative"
"960","Pombhurni","cotton","Multiplicative"
"961","Shirpur","cotton","Multiplicative"
"962","Hingoli","cotton","Multiplicative"
"963","Narkhed","cotton","Multiplicative"
"964","Mandhal","cotton","Multiplicative"
"965","Hadgaon-Tamsa","cotton","Multiplicative"
"966","Himayatnagar","cotton","Multiplicative"
"967","Manwat","cotton","Multiplicative"
"968","Atpadi","cotton","Multiplicative"
"969","Ashti (Wardha)","cotton","Multiplicative"
"970","Hinganghat","cotton","Multiplicative"
"971","Babhulgaon","cotton","Multiplicative"
"972","Pune-Pimpri","grnut kernels","Multiplicative"
"973","Kurdwadi","grnut kernels","Multiplicative"
"974","Kalyan","grnut kernels","Multiplicative"
"975","Ulhasnagar","grnut kernels","Multiplicative"
"976","Shrirampur-Belapur","maize","Multiplicative"
"977","Shrigonda","maize","Multiplicative"
"978","Akot","maize","Multiplicative"
"979","Akola","maize","Multiplicative"
"980","Balapur","maize","Multiplicative"
"981","Dharni","maize","Multiplicative"
"982","Varud","maize","Multiplicative"
"983","Soygaon","maize","Multiplicative"
"984","Paithan","maize","Multiplicative"
"985","Buldhana","maize","Multiplicative"
"986","Buldhana-Dhad","maize","Multiplicative"
"987","Sangrampur-Varvatbakal","maize","Multiplicative"
"988","Sindkhed Raja","maize","Multiplicative"
"989","Dondaicha-Sindkheda","maize","Multiplicative"
"990","Jamner","maize","Multiplicative"
"991","Jamner-Neri","maize","Multiplicative"
"992","Pachora","maize","Multiplicative"
"993","Parola","maize","Multiplicative"
"994","Ashti (Jalna)","maize","Multiplicative"
"995","Latur-Murud","maize","Multiplicative"
"996","Katol","maize","Multiplicative"
"997","Nagpur","maize","Multiplicative"
"998","Bhokar","maize","Multiplicative"
"999","Loha","maize","Multiplicative"
"1000","Kinwat","maize","Multiplicative"
"1001","Nanded","maize","Multiplicative"
"1002","Dhadgaon","maize","Multiplicative"
"1003","Akkalkuwa","maize","Multiplicative"
"1004","Lasalgaon-Vinchur","maize","Multiplicative"
"1005","Chandvad","maize","Multiplicative"
"1006","Umrane","maize","Multiplicative"
"1007","Lasalgaon-Niphad","maize","Multiplicative"
"1008","Paranda","maize","Multiplicative"
"1009","Lohara","maize","Multiplicative"
"1010","Osmanabad","maize","Multiplicative"
"1011","Washi(Osmanabad)","maize","Multiplicative"
"1012","Sonpeth","maize","Multiplicative"
"1013","Nira","maize","Multiplicative"
"1014","Indapur (Nimgaon Ketki)","maize","Multiplicative"
"1015","Nira-Saswad","maize","Multiplicative"
"1016","Atpadi","maize","Multiplicative"
"1017","Sangli-Miraj","maize","Multiplicative"
"1018","Kurdwadi-Modnimb","maize","Multiplicative"
"1019","Ahmednagar","mustard","Multiplicative"
"1020","Shrirampur","mustard","Multiplicative"
"1021","Akola","mustard","Multiplicative"
"1022","Varud-Rajura Bazar","mustard","Multiplicative"
"1023","Achalpur","mustard","Multiplicative"
"1024","Lasur Station","mustard","Multiplicative"
"1025","Sillod","mustard","Multiplicative"
"1026","Gevrai","mustard","Multiplicative"
"1027","Khamgaon","mustard","Multiplicative"
"1028","Chikhali","mustard","Multiplicative"
"1029","Kalamnuri","mustard","Multiplicative"
"1030","Ahmedpur","mustard","Multiplicative"
"1031","Ramtek","mustard","Multiplicative"
"1032","Sinner","mustard","Multiplicative"
"1033","Kalamb (Os)","mustard","Multiplicative"
"1034","Umarga","mustard","Multiplicative"
"1035","Purna","mustard","Multiplicative"
"1036","Indapur-Bhigwan","mustard","Multiplicative"
"1037","Kurdwadi","mustard","Multiplicative"
"1038","Kej","nigerseed","Multiplicative"
"1039","Kille Dharur","nigerseed","Multiplicative"
"1040","Kalamb (Os)","nigerseed","Multiplicative"
"1041","Pombhurni","paddyunhusked","Multiplicative"
"1042","Parshiwani","paddyunhusked","Multiplicative"
"1043","Alibag","paddyunhusked","Multiplicative"
"1044","Mahad","paddyunhusked","Multiplicative"
"1045","Murud","paddyunhusked","Multiplicative"
"1046","Akkolkot","paddyunhusked","Multiplicative"
"1047","Kopargaon","pigeon pea tur","Multiplicative"
"1048","Newasa","pigeon pea tur","Multiplicative"
"1049","Sangamner","pigeon pea tur","Multiplicative"
"1050","Shrigonda","pigeon pea tur","Multiplicative"
"1051","Rahuri","pigeon pea tur","Multiplicative"
"1052","Akot","pigeon pea tur","Multiplicative"
"1053","Balapur","pigeon pea tur","Multiplicative"
"1054","Nandgaon Khandeshwar","pigeon pea tur","Multiplicative"
"1055","Kannad","pigeon pea tur","Multiplicative"
"1056","Paithan","pigeon pea tur","Multiplicative"
"1057","Sillod","pigeon pea tur","Multiplicative"
"1058","Kada (Ashti)","pigeon pea tur","Multiplicative"
"1059","Lakhandur","pigeon pea tur","Multiplicative"
"1060","Buldhana","pigeon pea tur","Multiplicative"
"1061","Sangrampur-Varvatbakal","pigeon pea tur","Multiplicative"
"1062","Deulgaon Raja","pigeon pea tur","Multiplicative"
"1063","Rajura","pigeon pea tur","Multiplicative"
"1064","Varora","pigeon pea tur","Multiplicative"
"1065","Chimur","pigeon pea tur","Multiplicative"
"1066","Korpana","pigeon pea tur","Multiplicative"
"1067","Dondaicha-Sindkheda","pigeon pea tur","Multiplicative"
"1068","Kalamnuri","pigeon pea tur","Multiplicative"
"1069","Basmat","pigeon pea tur","Multiplicative"
"1070","Sengaon","pigeon pea tur","Multiplicative"
"1071","Bhusaval","pigeon pea tur","Multiplicative"
"1072","Chopda","pigeon pea tur","Multiplicative"
"1073","Pachora","pigeon pea tur","Multiplicative"
"1074","Parola","pigeon pea tur","Multiplicative"
"1075","Bhokardan","pigeon pea tur","Multiplicative"
"1076","Ghansawangi","pigeon pea tur","Multiplicative"
"1077","Ashti (Jalna)","pigeon pea tur","Multiplicative"
"1078","Jafrabad","pigeon pea tur","Multiplicative"
"1079","Bhokardan-Pimpalgaon Renu","pigeon pea tur","Multiplicative"
"1080","Aurad Shahajani","pigeon pea tur","Multiplicative"
"1081","Devani","pigeon pea tur","Multiplicative"
"1082","Latur-Murud","pigeon pea tur","Multiplicative"
"1083","Chakur","pigeon pea tur","Multiplicative"
"1084","Bhiwapur","pigeon pea tur","Multiplicative"
"1085","Hingna","pigeon pea tur","Multiplicative"
"1086","Mandhal","pigeon pea tur","Multiplicative"
"1087","Parshiwani","pigeon pea tur","Multiplicative"
"1088","Kinwat","pigeon pea tur","Multiplicative"
"1089","Deglur","pigeon pea tur","Multiplicative"
"1090","Hadgaon-Tamsa","pigeon pea tur","Multiplicative"
"1091","Himayatnagar","pigeon pea tur","Multiplicative"
"1092","Kundalwadi","pigeon pea tur","Multiplicative"
"1093","Mudkhed","pigeon pea tur","Multiplicative"
"1094","Mukhed","pigeon pea tur","Multiplicative"
"1095","Umari","pigeon pea tur","Multiplicative"
"1096","Navapur","pigeon pea tur","Multiplicative"
"1097","Manmad","pigeon pea tur","Multiplicative"
"1098","Lohara","pigeon pea tur","Multiplicative"
"1099","Paranda","pigeon pea tur","Multiplicative"
"1100","Palam","pigeon pea tur","Multiplicative"
"1101","Pathari","pigeon pea tur","Multiplicative"
"1102","Manwat","pigeon pea tur","Multiplicative"
"1103","Indapur","pigeon pea tur","Multiplicative"
"1104","Baramati","pigeon pea tur","Multiplicative"
"1105","Dound","pigeon pea tur","Multiplicative"
"1106","Nira-Saswad","pigeon pea tur","Multiplicative"
"1107","Sangali","pigeon pea tur","Multiplicative"
"1108","Kurdwadi-Modnimb","pigeon pea tur","Multiplicative"
"1109","Karmala","pigeon pea tur","Multiplicative"
"1110","Akluj","pigeon pea tur","Multiplicative"
"1111","Pandharpur","pigeon pea tur","Multiplicative"
"1112","Arvi","pigeon pea tur","Multiplicative"
"1113","Samudrapur","pigeon pea tur","Multiplicative"
"1114","Sindi","pigeon pea tur","Multiplicative"
"1115","Ashti-Karanja","pigeon pea tur","Multiplicative"
"1116","Sindi (Selu)","pigeon pea tur","Multiplicative"
"1117","Malegaon (Washim)","pigeon pea tur","Multiplicative"
"1118","Bori Arab","pigeon pea tur","Multiplicative"
"1119","Darwha","pigeon pea tur","Multiplicative"
"1120","Ghatanji","pigeon pea tur","Multiplicative"
"1121","Kalamb (Yawatmal)","pigeon pea tur","Multiplicative"
"1122","Umarkhed-Danki","pigeon pea tur","Multiplicative"
"1123","Zarijamini","pigeon pea tur","Multiplicative"
"1124","Ralegaon","pigeon pea tur","Multiplicative"
"1125","Lakhandur","ricepaddyhus","Multiplicative"
"1126","Chalisgaon","ricepaddyhus","Multiplicative"
"1127","Pachora","ricepaddyhus","Multiplicative"
"1128","Mumbai","ricepaddyhus","Multiplicative"
"1129","Bhokar","ricepaddyhus","Multiplicative"
"1130","Navapur","ricepaddyhus","Multiplicative"
"1131","Indapur","ricepaddyhus","Multiplicative"
"1132","Nira","ricepaddyhus","Multiplicative"
"1133","Bhor","ricepaddyhus","Multiplicative"
"1134","Nira-Saswad","ricepaddyhus","Multiplicative"
"1135","Pune-Pimpri","ricepaddyhus","Multiplicative"
"1136","Murud","ricepaddyhus","Multiplicative"
"1137","Kalyan","ricepaddyhus","Multiplicative"
"1138","Ulhasnagar","ricepaddyhus","Multiplicative"
"1139","Pusad","ricepaddyhus","Multiplicative"
"1140","Shrirampur","safflower","Multiplicative"
"1141","Akola","safflower","Multiplicative"
"1142","Murtizapur","safflower","Multiplicative"
"1143","Daryapur","safflower","Multiplicative"
"1144","Lasur Station","safflower","Multiplicative"
"1145","Sillod","safflower","Multiplicative"
"1146","Gevrai","safflower","Multiplicative"
"1147","Majalgaon","safflower","Multiplicative"
"1148","Kej","safflower","Multiplicative"
"1149","Kada","safflower","Multiplicative"
"1150","Khamgaon","safflower","Multiplicative"
"1151","Shegaon","safflower","Multiplicative"
"1152","Devani","safflower","Multiplicative"
"1153","Latur-Murud","safflower","Multiplicative"
"1154","Nilanga","safflower","Multiplicative"
"1155","Udgir","safflower","Multiplicative"
"1156","Nandurbar","safflower","Multiplicative"
"1157","Lohara","safflower","Multiplicative"
"1158","Tuljapur","safflower","Multiplicative"
"1159","Purna","safflower","Multiplicative"
"1160","Sailu","safflower","Multiplicative"
"1161","Baramati","safflower","Multiplicative"
"1162","Shirur","safflower","Multiplicative"
"1163","Barshi","safflower","Multiplicative"
"1164","Balapur","sesamum","Multiplicative"
"1165","Akola","sesamum","Multiplicative"
"1166","Akot","sesamum","Multiplicative"
"1167","Amarawati","sesamum","Multiplicative"
"1168","Daryapur","sesamum","Multiplicative"
"1169","Vaijapur","sesamum","Multiplicative"
"1170","Kada","sesamum","Multiplicative"
"1171","Dondaicha-Sindkheda","sesamum","Multiplicative"
"1172","Sakri","sesamum","Multiplicative"
"1173","Dondaicha","sesamum","Multiplicative"
"1174","Basmat","sesamum","Multiplicative"
"1175","Hingoli","sesamum","Multiplicative"
"1176","Pachora","sesamum","Multiplicative"
"1177","Mantha","sesamum","Multiplicative"
"1178","Ashti (Jalna)","sesamum","Multiplicative"
"1179","Jalkot","sesamum","Multiplicative"
"1180","Udgir","sesamum","Multiplicative"
"1181","Naigaon","sesamum","Multiplicative"
"1182","Nandurbar","sesamum","Multiplicative"
"1183","Jintur","sesamum","Multiplicative"
"1184","Jintur-Bori","sesamum","Multiplicative"
"1185","Indapur","sesamum","Multiplicative"
"1186","Kalyan","sesamum","Multiplicative"
"1187","Hinganghat","sesamum","Multiplicative"
"1188","Risod","sesamum","Multiplicative"
"1189","Digras","sesamum","Multiplicative"
"1190","Yeotmal","sesamum","Multiplicative"
"1191","Shrigonda","sorgumjawar","Multiplicative"
"1192","Shrirampur-Belapur","sorgumjawar","Multiplicative"
"1193","Akot","sorgumjawar","Multiplicative"
"1194","Balapur","sorgumjawar","Multiplicative"
"1195","Dharni","sorgumjawar","Multiplicative"
"1196","Sangrampur-Varvatbakal","sorgumjawar","Multiplicative"
"1197","Sindkhed Raja","sorgumjawar","Multiplicative"
"1198","Dondaicha-Sindkheda","sorgumjawar","Multiplicative"
"1199","Jawala-Bajar","sorgumjawar","Multiplicative"
"1200","Kalamnuri","sorgumjawar","Multiplicative"
"1201","Sengaon","sorgumjawar","Multiplicative"
"1202","Jamner","sorgumjawar","Multiplicative"
"1203","Pachora","sorgumjawar","Multiplicative"
"1204","Parola","sorgumjawar","Multiplicative"
"1205","Ashti (Jalna)","sorgumjawar","Multiplicative"
"1206","Latur-Murud","sorgumjawar","Multiplicative"
"1207","Aurad Shahajani","sorgumjawar","Multiplicative"
"1208","Devani","sorgumjawar","Multiplicative"
"1209","Jalkot","sorgumjawar","Multiplicative"
"1210","Kalmeshwar","sorgumjawar","Multiplicative"
"1211","Himayatnagar","sorgumjawar","Multiplicative"
"1212","Kundalwadi","sorgumjawar","Multiplicative"
"1213","Mudkhed","sorgumjawar","Multiplicative"
"1214","Mukhed","sorgumjawar","Multiplicative"
"1215","Umari","sorgumjawar","Multiplicative"
"1216","Kinwat","sorgumjawar","Multiplicative"
"1217","Akkalkuwa","sorgumjawar","Multiplicative"
"1218","Dhadgaon","sorgumjawar","Multiplicative"
"1219","Lasalgaon-Vinchur","sorgumjawar","Multiplicative"
"1220","Paranda","sorgumjawar","Multiplicative"
"1221","Lohara","sorgumjawar","Multiplicative"
"1222","Washi(Osmanabad)","sorgumjawar","Multiplicative"
"1223","Palam","sorgumjawar","Multiplicative"
"1224","Manwat","sorgumjawar","Multiplicative"
"1225","Nira","sorgumjawar","Multiplicative"
"1226","Indapur (Nimgaon Ketki)","sorgumjawar","Multiplicative"
"1227","Nira-Saswad","sorgumjawar","Multiplicative"
"1228","Kurdwadi-Modnimb","sorgumjawar","Multiplicative"
"1229","Kalyan","sorgumjawar","Multiplicative"
"1230","Hinganghat","sorgumjawar","Multiplicative"
"1231","Aarni","sorgumjawar","Multiplicative"
"1232","Umarkhed","sorgumjawar","Multiplicative"
"1233","Pandharkawada","sorgumjawar","Multiplicative"
"1234","Umarkhed-Danki","sorgumjawar","Multiplicative"
"1235","Mahagaon","sorgumjawar","Multiplicative"
"1236","Ghatanji","sorgumjawar","Multiplicative"
"1237","Zarijamini","sorgumjawar","Multiplicative"
"1238","Pusad","split black gram","Multiplicative"
"1239","Ulhasnagar","sugarcane","Multiplicative"
"1240","Shrirampur","sunflower","Multiplicative"
"1241","Akola","sunflower","Multiplicative"
"1242","Akot","sunflower","Multiplicative"
"1243","Telhara","sunflower","Multiplicative"
"1244","Amarawati","sunflower","Multiplicative"
"1245","Vaijapur","sunflower","Multiplicative"
"1246","Sillod-Bharadi","sunflower","Multiplicative"
"1247","Nandura","sunflower","Multiplicative"
"1248","Jalgaon Jamod","sunflower","Multiplicative"
"1249","Jalgaon Jamod-Aasalgaon","sunflower","Multiplicative"
"1250","Sakri","sunflower","Multiplicative"
"1251","Shirpur","sunflower","Multiplicative"
"1252","Basmat","sunflower","Multiplicative"
"1253","Pachora","sunflower","Multiplicative"
"1254","Latur-Murud","sunflower","Multiplicative"
"1255","Nilanga","sunflower","Multiplicative"
"1256","Jalkot","sunflower","Multiplicative"
"1257","Umared","sunflower","Multiplicative"
"1258","Bhokar","sunflower","Multiplicative"
"1259","Mukhed","sunflower","Multiplicative"
"1260","Shahada","sunflower","Multiplicative"
"1261","Sinner","sunflower","Multiplicative"
"1262","Malegaon","sunflower","Multiplicative"
"1263","Devala","sunflower","Multiplicative"
"1264","Murum","sunflower","Multiplicative"
"1265","Lohara","sunflower","Multiplicative"
"1266","Washi(Osmanabad)","sunflower","Multiplicative"
"1267","Tuljapur","sunflower","Multiplicative"
"1268","Kurdwadi","sunflower","Multiplicative"
"1269","Solapur","sunflower","Multiplicative"
"1270","Jamkhed","wheathusked","Multiplicative"
"1271","Shrirampur-Belapur","wheathusked","Multiplicative"
"1272","Shrigonda","wheathusked","Multiplicative"
"1273","Akot","wheathusked","Multiplicative"
"1274","Balapur","wheathusked","Multiplicative"
"1275","Nandgaon Khandeshwar","wheathusked","Multiplicative"
"1276","Dharni","wheathusked","Multiplicative"
"1277","Daryapur","wheathusked","Multiplicative"
"1278","Fulambri","wheathusked","Multiplicative"
"1279","Kada (Ashti)","wheathusked","Multiplicative"
"1280","Lakhandur","wheathusked","Multiplicative"
"1281","Sangrampur-Varvatbakal","wheathusked","Multiplicative"
"1282","Sindkhed Raja","wheathusked","Multiplicative"
"1283","Nagbhid","wheathusked","Multiplicative"
"1284","Varora","wheathusked","Multiplicative"
"1285","Dondaicha-Sindkheda","wheathusked","Multiplicative"
"1286","Sengaon","wheathusked","Multiplicative"
"1287","Pachora","wheathusked","Multiplicative"
"1288","Parola","wheathusked","Multiplicative"
"1289","Yawal","wheathusked","Multiplicative"
"1290","Ashti (Jalna)","wheathusked","Multiplicative"
"1291","Latur-Murud","wheathusked","Multiplicative"
"1292","Aurad Shahajani","wheathusked","Multiplicative"
"1293","Latur","wheathusked","Multiplicative"
"1294","Himayatnagar","wheathusked","Multiplicative"
"1295","Kinwat","wheathusked","Multiplicative"
"1296","Mudkhed","wheathusked","Multiplicative"
"1297","Akkalkuwa","wheathusked","Multiplicative"
"1298","Navapur","wheathusked","Multiplicative"
"1299","Lasalgaon-Vinchur","wheathusked","Multiplicative"
"1300","Lasalgaon-Niphad","wheathusked","Multiplicative"
"1301","Lohara","wheathusked","Multiplicative"
"1302","Paranda","wheathusked","Multiplicative"
"1303","Palam","wheathusked","Multiplicative"
"1304","Manwat","wheathusked","Multiplicative"
"1305","Indapur","wheathusked","Multiplicative"
"1306","Nira","wheathusked","Multiplicative"
"1307","Indapur (Nimgaon Ketki)","wheathusked","Multiplicative"
"1308","Nira-Saswad","wheathusked","Multiplicative"
"1309","Vaduj","wheathusked","Multiplicative"
"1310","Barshi-Vairag","wheathusked","Multiplicative"
"1311","Kurdwadi-Modnimb","wheathusked","Multiplicative"
"1312","Palghar(Bevur)","wheathusked","Multiplicative"
"1313","Vasai","wheathusked","Multiplicative"
"1314","Kalyan","wheathusked","Multiplicative"
"1315","Arvi","wheathusked","Multiplicative"
"1316","Pulgaon","wheathusked","Multiplicative"
"1317","Sindi","wheathusked","Multiplicative"
"1318","Sindi (Selu)","wheathusked","Multiplicative"
"1319","Ashti-Karanja","wheathusked","Multiplicative"
"1320","Hinganghat","wheathusked","Multiplicative"
"1321","Malegaon (Washim)","wheathusked","Multiplicative"
"1322","Risod","wheathusked","Multiplicative"
"1323","Digras","wheathusked","Multiplicative"
"1324","Mahagaon","wheathusked","Multiplicative"
"1325","Zarijamini","wheathusked","Multiplicative"
"1326","Pandharkawada","wheathusked","Multiplicative"
"1327","Indapur","wheatunhusked","Multiplicative"
"1328","Sangli-Miraj","wheatunhusked","Multiplicative"
"1329","Akluj","wheatunhusked","Multiplicative"
"1330","Rahuri-Songaon","bajri","Multiplicative"
"1331","Chikhali","bajri","Multiplicative"
"1332","Dharangaon","bajri","Multiplicative"
"1333","Jalgaon-Masawat","bajri","Multiplicative"
"1334","Navapur","bajri","Multiplicative"
"1335","Nampur","bajri","Multiplicative"
"1336","Pune-Pimpri","bajri","Multiplicative"
"1337","Ulhasnagar","bajri","Multiplicative"
"1338","Bori","bajri","Multiplicative"
"1339","Vadvani","bajri","Multiplicative"
"1340","Chakur","bajri","Multiplicative"
"1341","Pune","coconut","Multiplicative"
"1342","Alibag","coconut","Multiplicative"
"1343","Ulhasnagar","coconut","Multiplicative"
"1344","Sironcha","cotton","Multiplicative"
"1345","Mangrulpeer","cotton","Multiplicative"
"1346","Bhadrawati","cotton","Multiplicative"
"1347","Vadvani","cotton","Multiplicative"
"1348","Jamkhed","maize","Multiplicative"
"1349","Telhara","maize","Multiplicative"
"1350","Sironcha","maize","Multiplicative"
"1351","Bodwad-Varangaon","maize","Multiplicative"
"1352","Dharangaon","maize","Multiplicative"
"1353","Jalgaon-Masawat","maize","Multiplicative"
"1354","Raver-Sawada","maize","Multiplicative"
"1355","Nampur","maize","Multiplicative"
"1356","Koregaon","maize","Multiplicative"
"1357","Sangamner","mustard","Multiplicative"
"1358","Sillod-Bharadi","mustard","Multiplicative"
"1359","Lakhandur","mustard","Multiplicative"
"1360","Bhandara","mustard","Multiplicative"
"1361","Latur","mustard","Multiplicative"
"1362","Bhiwapur","mustard","Multiplicative"
"1363","Nanded","mustard","Multiplicative"
"1364","Devala","mustard","Multiplicative"
"1365","Indapur","mustard","Multiplicative"
"1366","Bhandara","paddyunhusked","Multiplicative"
"1367","Varora","paddyunhusked","Multiplicative"
"1368","Sironcha","paddyunhusked","Multiplicative"
"1369","Sadak Arjuni","paddyunhusked","Multiplicative"
"1370","Devri","paddyunhusked","Multiplicative"
"1371","Mauda","paddyunhusked","Multiplicative"
"1372","Kalvan","paddyunhusked","Multiplicative"
"1373","Kalamb (Os)","paddyunhusked","Multiplicative"
"1374","Khalapur(Shil-Phata)","paddyunhusked","Multiplicative"
"1375","Kalyan","paddyunhusked","Multiplicative"
"1376","Palghar(Bevur)","paddyunhusked","Multiplicative"
"1377","Karjat (A- Nagar)","pigeon pea tur","Multiplicative"
"1378","Dharni","pigeon pea tur","Multiplicative"
"1379","Tiwasa","pigeon pea tur","Multiplicative"
"1380","Varud","pigeon pea tur","Multiplicative"
"1381","Pavani","pigeon pea tur","Multiplicative"
"1382","Sindkhed Raja","pigeon pea tur","Multiplicative"
"1383","Pombhurni","pigeon pea tur","Multiplicative"
"1384","Savali","pigeon pea tur","Multiplicative"
"1385","Hingoli-Kanegaon Naka","pigeon pea tur","Multiplicative"
"1386","Mauda","pigeon pea tur","Multiplicative"
"1387","Mahur","pigeon pea tur","Multiplicative"
"1388","Hanegaon","pigeon pea tur","Multiplicative"
"1389","Akkalkuwa","pigeon pea tur","Multiplicative"
"1390","Nampur","pigeon pea tur","Multiplicative"
"1391","Lasalgaon-Vinchur","pigeon pea tur","Multiplicative"
"1392","Bori","pigeon pea tur","Multiplicative"
"1393","Indapur (Nimgaon Ketki)","pigeon pea tur","Multiplicative"
"1394","Washim-Ansing","pigeon pea tur","Multiplicative"
"1395","Mahagaon","pigeon pea tur","Multiplicative"
"1396","Sangamner","ricepaddyhus","Multiplicative"
"1397","Akola","ricepaddyhus","Multiplicative"
"1398","Sakri","ricepaddyhus","Multiplicative"
"1399","Sironcha","ricepaddyhus","Multiplicative"
"1400","Gondiya","ricepaddyhus","Multiplicative"
"1401","Raver","ricepaddyhus","Multiplicative"
"1402","Lasalgaon-Vinchur","ricepaddyhus","Multiplicative"
"1403","Umarga","ricepaddyhus","Multiplicative"
"1404","Baramati","ricepaddyhus","Multiplicative"
"1405","Indapur (Nimgaon Ketki)","ricepaddyhus","Multiplicative"
"1406","Khalapur(Shil-Phata)","ricepaddyhus","Multiplicative"
"1407","Panvel","ricepaddyhus","Multiplicative"
"1408","Aurad Shahajani","safflower","Multiplicative"
"1409","Naigaon","safflower","Multiplicative"
"1410","Nanded","safflower","Multiplicative"
"1411","Sinner","safflower","Multiplicative"
"1412","Osmanabad","safflower","Multiplicative"
"1413","Manwat","safflower","Multiplicative"
"1414","Pathari","safflower","Multiplicative"
"1415","Bori","safflower","Multiplicative"
"1416","Indapur","safflower","Multiplicative"
"1417","Morshi","sesamum","Multiplicative"
"1418","Sangrampur-Varvatbakal","sesamum","Multiplicative"
"1419","Chikhali","sesamum","Multiplicative"
"1420","Chalisgaon","sesamum","Multiplicative"
"1421","Yawal","sesamum","Multiplicative"
"1422","Umared","sesamum","Multiplicative"
"1423","Nanded","sesamum","Multiplicative"
"1424","Malegaon","sesamum","Multiplicative"
"1425","Akkolkot","sesamum","Multiplicative"
"1426","Wardha","sesamum","Multiplicative"
"1427","Washim","sesamum","Multiplicative"
"1428","Karjat (A- Nagar)","sorgumjawar","Multiplicative"
"1429","Nandgaon Khandeshwar","sorgumjawar","Multiplicative"
"1430","Deulgaon Raja","sorgumjawar","Multiplicative"
"1431","Buldhana-Dhad","sorgumjawar","Multiplicative"
"1432","Dharangaon","sorgumjawar","Multiplicative"
"1433","Jalgaon-Masawat","sorgumjawar","Multiplicative"
"1434","Raver-Sawada","sorgumjawar","Multiplicative"
"1435","Chakur","sorgumjawar","Multiplicative"
"1436","Manmad","sorgumjawar","Multiplicative"
"1437","Nampur","sorgumjawar","Multiplicative"
"1438","Kalvan","sorgumjawar","Multiplicative"
"1439","Bori","sorgumjawar","Multiplicative"
"1440","Pune","sorgumjawar","Multiplicative"
"1441","Vai","sorgumjawar","Multiplicative"
"1442","Ulhasnagar","sorgumjawar","Multiplicative"
"1443","Sindi (Selu)","sorgumjawar","Multiplicative"
"1444","Manora","sorgumjawar","Multiplicative"
"1445","Washim-Ansing","sorgumjawar","Multiplicative"
"1446","Shirala","sorgumjawar","Multiplicative"
"1447","Vadvani","sorgumjawar","Multiplicative"
"1448","Shrigonda","sunflower","Multiplicative"
"1449","Balapur","sunflower","Multiplicative"
"1450","Kej","sunflower","Multiplicative"
"1451","Lonar","sunflower","Multiplicative"
"1452","Mandhal","sunflower","Multiplicative"
"1453","Nampur","sunflower","Multiplicative"
"1454","Osmanabad","sunflower","Multiplicative"
"1455","Indapur (Nimgaon Ketki)","sunflower","Multiplicative"
"1456","Chakur","sunflower","Multiplicative"
"1457","Shirur","sunflower","Multiplicative"
"1458","Rahuri-Songaon","wheathusked","Multiplicative"
"1459","Varud","wheathusked","Multiplicative"
"1460","Buldhana-Dhad","wheathusked","Multiplicative"
"1461","Hingoli-Kanegaon Naka","wheathusked","Multiplicative"
"1462","Bodwad-Varangaon","wheathusked","Multiplicative"
"1463","Dharangaon","wheathusked","Multiplicative"
"1464","Raver-Sawada","wheathusked","Multiplicative"
"1465","Jalgaon-Masawat","wheathusked","Multiplicative"
"1466","Mauda","wheathusked","Multiplicative"
"1467","Hadgaon-Tamsa","wheathusked","Multiplicative"
"1468","Umari","wheathusked","Multiplicative"
"1469","Dhadgaon","wheathusked","Multiplicative"
"1470","Nampur","wheathusked","Multiplicative"
"1471","Bori","wheathusked","Multiplicative"
"1472","Pune-Pimpri","wheathusked","Multiplicative"
"1473","Pune","wheathusked","Multiplicative"
"1474","Tasgaon","wheathusked","Multiplicative"
"1475","Solapur","wheathusked","Multiplicative"
"1476","Karmala","wheathusked","Multiplicative"
"1477","Samudrapur","wheathusked","Multiplicative"
"1478","Washim-Ansing","wheathusked","Multiplicative"
"1479","Baramati","wheatunhusked","Multiplicative"
"1480","Barshi-Vairag","wheatunhusked","Multiplicative"
